Category,Title,Link,Image Link
Recettes de cocktails avec alcool,Cocktails Rhum,https://www.destinationcocktails.fr/cocktail-rhum/,https://www.destinationcocktails.fr/wp-content/uploads/2023/06/Pinacolada.jpg
Recettes de cocktails avec alcool,Cocktails Rhum Ambré,https://www.destinationcocktails.fr/rhum-ambre/,https://www.destinationcocktails.fr/wp-content/uploads/2023/06/Cocktail-rhum.jpg
Recettes de cocktails avec alcool,Cocktails Vodka,https://www.destinationcocktails.fr/cocktail-vodka/,https://www.destinationcocktails.fr/wp-content/uploads/2023/06/Cocktail-vodka.jpg
Recettes de cocktails avec alcool,Cocktails Gin,https://www.destinationcocktails.fr/cocktail-gin/,https://www.destinationcocktails.fr/wp-content/uploads/2023/05/cocktails-gin-2.jpg
Recettes de cocktails avec alcool,Cocktails Tequila,https://www.destinationcocktails.fr/cocktail-tequila/,https://www.destinationcocktails.fr/wp-content/uploads/2023/06/recettes-tequila.png
Recettes de cocktails avec alcool,Cocktails Whisky,https://www.destinationcocktails.fr/whisky/,https://www.destinationcocktails.fr/wp-content/uploads/2023/06/cocktail-whiskey.jpg
Recettes de cocktails avec alcool,Cocktails Americano,https://www.destinationcocktails.fr/americano/,https://www.destinationcocktails.fr/wp-content/uploads/2022/02/cocktail-americano.jpg
Recettes de cocktails avec alcool,Cocktails à la bière,https://www.destinationcocktails.fr/cocktails-biere/,https://www.destinationcocktails.fr/wp-content/uploads/2023/06/Facette-biere.png
Recettes de cocktails avec alcool,Cocktails Cachaça,https://www.destinationcocktails.fr/cachaca/,https://www.destinationcocktails.fr/wp-content/uploads/2022/02/Cocktail-cachaca.jpg
Recettes de cocktails avec alcool,Cocktails Café,https://www.destinationcocktails.fr/cocktail-cafe/,https://www.destinationcocktails.fr/wp-content/uploads/2022/02/Cocktail-cafe.jpg
Recettes de cocktails avec alcool,Cocktails Champagne,https://www.destinationcocktails.fr/champagne-3/,https://www.destinationcocktails.fr/wp-content/uploads/2022/02/Cocktail-champagne.jpg
Recettes de cocktails avec alcool,Cocktails Curaçao,https://www.destinationcocktails.fr/curacao/,https://www.destinationcocktails.fr/wp-content/uploads/2023/06/recette-curacao-2.png
Recettes de cocktails avec alcool,Cocktails Cidre,https://www.destinationcocktails.fr/cocktail-cidre/,https://www.destinationcocktails.fr/wp-content/uploads/2023/06/Cocktail-cidre.jpg
Recettes de cocktails avec alcool,Cocktails Manzana,https://www.destinationcocktails.fr/cocktail-manzana/,https://www.destinationcocktails.fr/wp-content/uploads/2023/06/cocktail-manzana.png
Recettes de cocktails avec alcool,Cocktails Pastis,https://www.destinationcocktails.fr/cocktail-a-base-de-pastis/,https://www.destinationcocktails.fr/wp-content/uploads/2023/06/recette-pastis.png
Recettes de cocktails avec alcool,Cocktails Prosecco,https://www.destinationcocktails.fr/prosecco/,https://www.destinationcocktails.fr/wp-content/uploads/2023/06/Cocktail-champagne.jpg
Recettes de cocktails avec alcool,Cocktails Porto,https://www.destinationcocktails.fr/cocktail-porto/,https://www.destinationcocktails.fr/wp-content/uploads/2023/06/Coctail-porto.jpg
Recettes de cocktails avec alcool,Cocktails Vin rouge,https://www.destinationcocktails.fr/cocktail-vin-rouge/,https://www.destinationcocktails.fr/wp-content/uploads/2022/02/Cocktail-vin-rouge.jpg
Cocktails aux fruits,Cocktails fraise,https://www.destinationcocktails.fr/cocktail-a-la-fraise/,https://www.destinationcocktails.fr/wp-content/uploads/2022/02/cocktail-fraise.jpg
Cocktails aux fruits,Cocktails framboise,https://www.destinationcocktails.fr/cocktail-a-la-framboise/,https://www.destinationcocktails.fr/wp-content/uploads/2023/06/recette-framboise.png
Cocktails aux fruits,Cocktails fruits rouges,https://www.destinationcocktails.fr/cocktail-fruits-rouges/,https://www.destinationcocktails.fr/wp-content/uploads/2022/02/Cocktail-fruits-rouges.jpg
Cocktails aux fruits,Cocktails citron vert,https://www.destinationcocktails.fr/cocktail-citron-vert/,https://www.destinationcocktails.fr/wp-content/uploads/2022/02/cocktail-citron-vert.jpg
Cocktails aux fruits,Cocktails fruit de la passion,https://www.destinationcocktails.fr/cocktail-fruit-de-la-passion/,https://www.destinationcocktails.fr/wp-content/uploads/2022/02/cocktail-fruit-de-la-passion.jpg
Cocktails aux fruits,Cocktails litchi,https://www.destinationcocktails.fr/cocktail-litchi/,https://www.destinationcocktails.fr/wp-content/uploads/2022/02/cocktail-litchi.jpg
Cocktails aux fruits,Cocktails orange,https://www.destinationcocktails.fr/cocktail-orange/,https://www.destinationcocktails.fr/wp-content/uploads/2022/02/Cocktail-orange.jpg
Cocktails aux fruits,Cocktails jus de pomme,https://www.destinationcocktails.fr/cocktail-jus-de-pomme/,https://www.destinationcocktails.fr/wp-content/uploads/2022/02/Cocktail-jus-de-pomme.jpg
Cocktails aux fruits,Cocktails lait de coco,https://www.destinationcocktails.fr/cocktail-lait-de-coco/,https://www.destinationcocktails.fr/wp-content/uploads/2022/02/Cocktail-lait-de-coco.jpg
Cocktails aux fruits,Cocktails banane,https://www.destinationcocktails.fr/cocktail-banane/,https://www.destinationcocktails.fr/wp-content/uploads/2022/02/cocktail-banane.jpg
Cocktails aux fruits,Cocktails pamplemousse,https://www.destinationcocktails.fr/cocktail-pamplemousse/,https://www.destinationcocktails.fr/wp-content/uploads/2022/02/cocktail-pamplemousse.jpg
Cocktails aux fruits,Cocktails ananas,https://www.destinationcocktails.fr/les-cocktails-ananas/,https://www.destinationcocktails.fr/wp-content/uploads/2022/02/cocktail-ananas.jpg
Cocktails aux fruits,Cocktails concombre,https://www.destinationcocktails.fr/cocktail-concombre/,https://www.destinationcocktails.fr/wp-content/uploads/2022/02/cocktail-concombre.jpg
Cocktails aux fruits,Cocktails basilic,https://www.destinationcocktails.fr/cocktail-basilic/,https://www.destinationcocktails.fr/wp-content/uploads/2022/02/cocktail-basilic.jpg
Cocktails aux fruits,Cocktails jus de tomate,https://www.destinationcocktails.fr/cocktail-jus-de-tomate/,https://www.destinationcocktails.fr/wp-content/uploads/2023/06/cocktail-tomate.jpg
Recettes de cocktails par thématique,Cocktails sans alcool,https://www.destinationcocktails.fr/recettes-cocktails/cocktails-sans-alcool/,https://www.destinationcocktails.fr/wp-content/uploads/2023/06/recette-sans-alcool.png
Recettes de cocktails par thématique,Recettes mocktails,https://www.destinationcocktails.fr/recettes-mocktails/,https://www.destinationcocktails.fr/wp-content/uploads/2023/06/recettes-mocktails.jpg
Recettes de cocktails par thématique,Cocktails été,https://www.destinationcocktails.fr/cocktail-ete/,https://www.destinationcocktails.fr/wp-content/uploads/2022/02/cocktail-ete.jpg
Recettes de cocktails par thématique,Cocktails mariage,https://www.destinationcocktails.fr/cocktail-mariage/,https://www.destinationcocktails.fr/wp-content/uploads/2022/02/cocktail-mariage.jpg
Recettes de cocktails par thématique,Cocktails soirée,https://www.destinationcocktails.fr/cocktail-soiree/,https://www.destinationcocktails.fr/wp-content/uploads/2022/02/Cocktail-soiree.jpg
Recettes de cocktails par thématique,Recettes Mojito,https://www.destinationcocktails.fr/recettes-cocktail-mojito/,https://www.destinationcocktails.fr/wp-content/uploads/2023/07/facette-recettes-cocktail-mojito.jpg
Recettes de cocktails par thématique,Recettes Spritz,https://www.destinationcocktails.fr/recettes-cocktail-spritz/,https://www.destinationcocktails.fr/wp-content/uploads/2023/06/recettes-cocktail-spritz.png
Recettes de cocktails par thématique,Cocktails italiens,https://www.destinationcocktails.fr/cocktail-italien/,https://www.destinationcocktails.fr/wp-content/uploads/2023/06/recette-italienne.png
Recettes de cocktails par thématique,Punch pour 20 personnes,https://www.destinationcocktails.fr/punch-pour-20-personnes/,https://www.destinationcocktails.fr/wp-content/uploads/2022/02/Punch-20-perosnnes.jpg
Recettes de cocktails par thématique,Cocktails limonade,https://www.destinationcocktails.fr/cocktail-limonade/,https://www.destinationcocktails.fr/wp-content/uploads/2022/02/cocktail-limonade.jpg
Recettes de cocktails par thématique,Cocktails pour le brunch,https://www.destinationcocktails.fr/cocktails-brunch/,https://www.destinationcocktails.fr/wp-content/uploads/2023/03/cocktails-pour-le-brunch.jpg
Recettes de cocktails par thématique,Cocktails de Printemps,https://www.destinationcocktails.fr/cocktails-de-printemps/,https://www.destinationcocktails.fr/wp-content/uploads/2023/06/Cocktail-printemps.jpg
Recettes de cocktails par thématique,Cocktails Halloween,https://www.destinationcocktails.fr/les-cocktails-halloween/,https://www.destinationcocktails.fr/wp-content/uploads/2022/02/cocktail-halloween.jpg
Recettes de cocktails par thématique,Cocktails d'automne,https://www.destinationcocktails.fr/cocktails-dautomne/,https://www.destinationcocktails.fr/wp-content/uploads/2023/03/cocktail-automne.jpg
Recettes de cocktails par thématique,Cocktails saint Valentin,https://www.destinationcocktails.fr/les-cocktails-saint-valentin/,https://www.destinationcocktails.fr/wp-content/uploads/2022/02/cocktail-saint-valentin.jpg
